Admin2,Province_State,Region
Autauga,Alabama,
Baldwin,Alabama,
Barbour,Alabama,
Bibb,Alabama,
Blount,Alabama,
Bullock,Alabama,
Butler,Alabama,
Calhoun,Alabama,
Chambers,Alabama,
Cherokee,Alabama,
Chilton,Alabama,
Choctaw,Alabama,
Clarke,Alabama,
Clay,Alabama,
Cleburne,Alabama,
Coffee,Alabama,
Colbert,Alabama,
Conecuh,Alabama,
Coosa,Alabama,
Covington,Alabama,
Crenshaw,Alabama,
Cullman,Alabama,
Dale,Alabama,
Dallas,Alabama,
DeKalb,Alabama,
Elmore,Alabama,
Escambia,Alabama,
Etowah,Alabama,
Fayette,Alabama,
Franklin,Alabama,
Geneva,Alabama,
Greene,Alabama,
Hale,Alabama,
Henry,Alabama,
Houston,Alabama,
Jackson,Alabama,
Jefferson,Alabama,
Lamar,Alabama,
Lauderdale,Alabama,
Lawrence,Alabama,
Lee,Alabama,
Limestone,Alabama,
Lowndes,Alabama,
Macon,Alabama,
Madison,Alabama,
Marengo,Alabama,
Marion,Alabama,
Marshall,Alabama,
Mobile,Alabama,
Monroe,Alabama,
Montgomery,Alabama,
Morgan,Alabama,
Perry,Alabama,
Pickens,Alabama,
Pike,Alabama,
Randolph,Alabama,
Russell,Alabama,
St. Clair,Alabama,
Shelby,Alabama,
Sumter,Alabama,
Talladega,Alabama,
Tallapoosa,Alabama,
Tuscaloosa,Alabama,
Walker,Alabama,
Washington,Alabama,
Wilcox,Alabama,
Winston,Alabama,
Aleutians East,Alaska,
Aleutians West,Alaska,
Anchorage,Alaska,
Bethel,Alaska,
Bristol Bay,Alaska,
Denali,Alaska,
Dillingham,Alaska,
Fairbanks North Star,Alaska,
Haines,Alaska,
Hoonah-Angoon,Alaska,
Juneau,Alaska,
Kenai Peninsula,Alaska,
Ketchikan Gateway,Alaska,
Kodiak Island,Alaska,
Kusilvak,Alaska,
Lake and Peninsula,Alaska,
Matanuska-Susitna,Alaska,
Nome,Alaska,
North Slope,Alaska,
Northwest Arctic,Alaska,
Petersburg,Alaska,
Prince of Wales-Hyder,Alaska,
Sitka,Alaska,
Skagway,Alaska,
Southeast Fairbanks,Alaska,
Valdez-Cordova,Alaska,
Wrangell,Alaska,
Yakutat,Alaska,
Yukon-Koyukuk,Alaska,
Apache,Arizona,
Cochise,Arizona,
Coconino,Arizona,
Gila,Arizona,
Graham,Arizona,
Greenlee,Arizona,
La Paz,Arizona,
Maricopa,Arizona,
Mohave,Arizona,
Navajo,Arizona,
Pima,Arizona,
Pinal,Arizona,
Santa Cruz,Arizona,
Yavapai,Arizona,
Yuma,Arizona,
Arkansas,Arkansas,
Ashley,Arkansas,
Baxter,Arkansas,
Benton,Arkansas,
Boone,Arkansas,
Bradley,Arkansas,
Calhoun,Arkansas,
Carroll,Arkansas,
Chicot,Arkansas,
Clark,Arkansas,
Clay,Arkansas,
Cleburne,Arkansas,
Cleveland,Arkansas,
Columbia,Arkansas,
Conway,Arkansas,
Craighead,Arkansas,
Crawford,Arkansas,
Crittenden,Arkansas,
Cross,Arkansas,
Dallas,Arkansas,
Desha,Arkansas,
Drew,Arkansas,
Faulkner,Arkansas,
Franklin,Arkansas,
Fulton,Arkansas,
Garland,Arkansas,
Grant,Arkansas,
Greene,Arkansas,
Hempstead,Arkansas,
Hot Spring,Arkansas,
Howard,Arkansas,
Independence,Arkansas,
Izard,Arkansas,
Jackson,Arkansas,
Jefferson,Arkansas,
Johnson,Arkansas,
Lafayette,Arkansas,
Lawrence,Arkansas,
Lee,Arkansas,
Lincoln,Arkansas,
Little River,Arkansas,
Logan,Arkansas,
Lonoke,Arkansas,
Madison,Arkansas,
Marion,Arkansas,
Miller,Arkansas,
Mississippi,Arkansas,
Monroe,Arkansas,
Montgomery,Arkansas,
Nevada,Arkansas,
Newton,Arkansas,
Ouachita,Arkansas,
Perry,Arkansas,
Phillips,Arkansas,
Pike,Arkansas,
Poinsett,Arkansas,
Polk,Arkansas,
Pope,Arkansas,
Prairie,Arkansas,
Pulaski,Arkansas,
Randolph,Arkansas,
St. Francis,Arkansas,
Saline,Arkansas,
Scott,Arkansas,
Searcy,Arkansas,
Sebastian,Arkansas,
Sevier,Arkansas,
Sharp,Arkansas,
Stone,Arkansas,
Union,Arkansas,
Van Buren,Arkansas,
Washington,Arkansas,
White,Arkansas,
Woodruff,Arkansas,
Yell,Arkansas,
Alameda,California,Bay Area
Alpine,California,
Amador,California,
Butte,California,
Calaveras,California,
Colusa,California,
Contra Costa,California,Bay Area
Del Norte,California,
El Dorado,California,
Fresno,California,
Glenn,California,
Humboldt,California,
Imperial,California,
Inyo,California,
Kern,California,
Kings,California,
Lake,California,
Lassen,California,
Los Angeles,California,Greater LA Area
Madera,California,
Marin,California,Bay Area
Mariposa,California,
Mendocino,California,
Merced,California,
Modoc,California,
Mono,California,
Monterey,California,
Napa,California,Bay Area
Nevada,California,
Orange,California,Greater LA Area
Placer,California,
Plumas,California,
Riverside,California,Greater LA Area
Sacramento,California,
San Benito,California,
San Bernardino,California,Greater LA Area
San Diego,California,
San Francisco,California,Bay Area
San Joaquin,California,
San Luis Obispo,California,
San Mateo,California,Bay Area
Santa Barbara,California,
Santa Clara,California,Bay Area
Santa Cruz,California,
Shasta,California,
Sierra,California,
Siskiyou,California,
Solano,California,Bay Area
Sonoma,California,Bay Area
Stanislaus,California,
Sutter,California,
Tehama,California,
Trinity,California,
Tulare,California,
Tuolumne,California,
Ventura,California,Greater LA Area
Yolo,California,
Yuba,California,
Adams,Colorado,
Alamosa,Colorado,
Arapahoe,Colorado,
Archuleta,Colorado,
Baca,Colorado,
Bent,Colorado,
Boulder,Colorado,
Broomfield,Colorado,
Chaffee,Colorado,
Cheyenne,Colorado,
Clear Creek,Colorado,
Conejos,Colorado,
Costilla,Colorado,
Crowley,Colorado,
Custer,Colorado,
Delta,Colorado,
Denver,Colorado,
Dolores,Colorado,
Douglas,Colorado,
Eagle,Colorado,
Elbert,Colorado,
El Paso,Colorado,
Fremont,Colorado,
Garfield,Colorado,
Gilpin,Colorado,
Grand,Colorado,
Gunnison,Colorado,
Hinsdale,Colorado,
Huerfano,Colorado,
Jackson,Colorado,
Jefferson,Colorado,
Kiowa,Colorado,
Kit Carson,Colorado,
Lake,Colorado,
La Plata,Colorado,
Larimer,Colorado,
Las Animas,Colorado,
Lincoln,Colorado,
Logan,Colorado,
Mesa,Colorado,
Mineral,Colorado,
Moffat,Colorado,
Montezuma,Colorado,
Montrose,Colorado,
Morgan,Colorado,
Otero,Colorado,
Ouray,Colorado,
Park,Colorado,
Phillips,Colorado,
Pitkin,Colorado,
Prowers,Colorado,
Pueblo,Colorado,
Rio Blanco,Colorado,
Rio Grande,Colorado,
Routt,Colorado,
Saguache,Colorado,
San Juan,Colorado,
San Miguel,Colorado,
Sedgwick,Colorado,
Summit,Colorado,
Teller,Colorado,
Washington,Colorado,
Weld,Colorado,
Yuma,Colorado,
Fairfield,Connecticut,
Hartford,Connecticut,
Litchfield,Connecticut,
Middlesex,Connecticut,
New Haven,Connecticut,
New London,Connecticut,
Tolland,Connecticut,
Windham,Connecticut,
Kent,Delaware,
New Castle,Delaware,
Sussex,Delaware,
District of Columbia,District of Columbia,
Alachua,Florida,
Baker,Florida,
Bay,Florida,
Bradford,Florida,
Brevard,Florida,
Broward,Florida,
Calhoun,Florida,
Charlotte,Florida,
Citrus,Florida,
Clay,Florida,
Collier,Florida,
Columbia,Florida,
DeSoto,Florida,
Dixie,Florida,
Duval,Florida,
Escambia,Florida,
Flagler,Florida,
Franklin,Florida,
Gadsden,Florida,
Gilchrist,Florida,
Glades,Florida,
Gulf,Florida,
Hamilton,Florida,
Hardee,Florida,
Hendry,Florida,
Hernando,Florida,
Highlands,Florida,
Hillsborough,Florida,
Holmes,Florida,
Indian River,Florida,
Jackson,Florida,
Jefferson,Florida,
Lafayette,Florida,
Lake,Florida,
Lee,Florida,
Leon,Florida,
Levy,Florida,
Liberty,Florida,
Madison,Florida,
Manatee,Florida,
Marion,Florida,
Martin,Florida,
Miami-Dade,Florida,
Monroe,Florida,
Nassau,Florida,
Okaloosa,Florida,
Okeechobee,Florida,
Orange,Florida,
Osceola,Florida,
Palm Beach,Florida,
Pasco,Florida,
Pinellas,Florida,
Polk,Florida,
Putnam,Florida,
St. Johns,Florida,
St. Lucie,Florida,
Santa Rosa,Florida,
Sarasota,Florida,
Seminole,Florida,
Sumter,Florida,
Suwannee,Florida,
Taylor,Florida,
Union,Florida,
Volusia,Florida,
Wakulla,Florida,
Walton,Florida,
Washington,Florida,
Appling,Georgia,
Atkinson,Georgia,
Bacon,Georgia,
Baker,Georgia,
Baldwin,Georgia,
Banks,Georgia,
Barrow,Georgia,
Bartow,Georgia,
Ben Hill,Georgia,
Berrien,Georgia,
Bibb,Georgia,
Bleckley,Georgia,
Brantley,Georgia,
Brooks,Georgia,
Bryan,Georgia,
Bulloch,Georgia,
Burke,Georgia,
Butts,Georgia,
Calhoun,Georgia,
Camden,Georgia,
Candler,Georgia,
Carroll,Georgia,
Catoosa,Georgia,
Charlton,Georgia,
Chatham,Georgia,
Chattahoochee,Georgia,
Chattooga,Georgia,
Cherokee,Georgia,
Clarke,Georgia,
Clay,Georgia,
Clayton,Georgia,
Clinch,Georgia,
Cobb,Georgia,Atlanta
Coffee,Georgia,
Colquitt,Georgia,
Columbia,Georgia,
Cook,Georgia,
Coweta,Georgia,
Crawford,Georgia,
Crisp,Georgia,
Dade,Georgia,
Dawson,Georgia,
Decatur,Georgia,
DeKalb,Georgia,Atlanta
Dodge,Georgia,
Dooly,Georgia,
Dougherty,Georgia,
Douglas,Georgia,
Early,Georgia,
Echols,Georgia,
Effingham,Georgia,
Elbert,Georgia,
Emanuel,Georgia,
Evans,Georgia,
Fannin,Georgia,
Fayette,Georgia,
Floyd,Georgia,
Forsyth,Georgia,
Franklin,Georgia,
Fulton,Georgia,Atlanta
Gilmer,Georgia,
Glascock,Georgia,
Glynn,Georgia,
Gordon,Georgia,
Grady,Georgia,
Greene,Georgia,
Gwinnett,Georgia,Atlanta
Habersham,Georgia,
Hall,Georgia,
Hancock,Georgia,
Haralson,Georgia,
Harris,Georgia,
Hart,Georgia,
Heard,Georgia,
Henry,Georgia,
Houston,Georgia,
Irwin,Georgia,
Jackson,Georgia,
Jasper,Georgia,
Jeff Davis,Georgia,
Jefferson,Georgia,
Jenkins,Georgia,
Johnson,Georgia,
Jones,Georgia,
Lamar,Georgia,
Lanier,Georgia,
Laurens,Georgia,
Lee,Georgia,
Liberty,Georgia,
Lincoln,Georgia,
Long,Georgia,
Lowndes,Georgia,
Lumpkin,Georgia,
McDuffie,Georgia,
McIntosh,Georgia,
Macon,Georgia,
Madison,Georgia,
Marion,Georgia,
Meriwether,Georgia,
Miller,Georgia,
Mitchell,Georgia,
Monroe,Georgia,
Montgomery,Georgia,
Morgan,Georgia,
Murray,Georgia,
Muscogee,Georgia,
Newton,Georgia,
Oconee,Georgia,
Oglethorpe,Georgia,
Paulding,Georgia,
Peach,Georgia,
Pickens,Georgia,
Pierce,Georgia,
Pike,Georgia,
Polk,Georgia,
Pulaski,Georgia,
Putnam,Georgia,
Quitman,Georgia,
Rabun,Georgia,
Randolph,Georgia,
Richmond,Georgia,
Rockdale,Georgia,
Schley,Georgia,
Screven,Georgia,
Seminole,Georgia,
Spalding,Georgia,
Stephens,Georgia,
Stewart,Georgia,
Sumter,Georgia,
Talbot,Georgia,
Taliaferro,Georgia,
Tattnall,Georgia,
Taylor,Georgia,
Telfair,Georgia,
Terrell,Georgia,
Thomas,Georgia,
Tift,Georgia,
Toombs,Georgia,
Towns,Georgia,
Treutlen,Georgia,
Troup,Georgia,
Turner,Georgia,
Twiggs,Georgia,
Union,Georgia,
Upson,Georgia,
Walker,Georgia,
Walton,Georgia,
Ware,Georgia,
Warren,Georgia,
Washington,Georgia,
Wayne,Georgia,
Webster,Georgia,
Wheeler,Georgia,
White,Georgia,
Whitfield,Georgia,
Wilcox,Georgia,
Wilkes,Georgia,
Wilkinson,Georgia,
Worth,Georgia,
Hawaii,Hawaii,
Honolulu,Hawaii,
Kalawao,Hawaii,
Kauai,Hawaii,
Maui,Hawaii,
Ada,Idaho,
Adams,Idaho,
Bannock,Idaho,
Bear Lake,Idaho,
Benewah,Idaho,
Bingham,Idaho,
Blaine,Idaho,
Boise,Idaho,
Bonner,Idaho,
Bonneville,Idaho,
Boundary,Idaho,
Butte,Idaho,
Camas,Idaho,
Canyon,Idaho,
Caribou,Idaho,
Cassia,Idaho,
Clark,Idaho,
Clearwater,Idaho,
Custer,Idaho,
Elmore,Idaho,
Franklin,Idaho,
Fremont,Idaho,
Gem,Idaho,
Gooding,Idaho,
Idaho,Idaho,
Jefferson,Idaho,
Jerome,Idaho,
Kootenai,Idaho,
Latah,Idaho,
Lemhi,Idaho,
Lewis,Idaho,
Lincoln,Idaho,
Madison,Idaho,
Minidoka,Idaho,
Nez Perce,Idaho,
Oneida,Idaho,
Owyhee,Idaho,
Payette,Idaho,
Power,Idaho,
Shoshone,Idaho,
Teton,Idaho,
Twin Falls,Idaho,
Valley,Idaho,
Washington,Idaho,
Adams,Illinois,
Alexander,Illinois,
Bond,Illinois,
Boone,Illinois,
Brown,Illinois,
Bureau,Illinois,
Calhoun,Illinois,
Carroll,Illinois,
Cass,Illinois,
Champaign,Illinois,
Christian,Illinois,
Clark,Illinois,
Clay,Illinois,
Clinton,Illinois,
Coles,Illinois,
Cook,Illinois,
Crawford,Illinois,
Cumberland,Illinois,
DeKalb,Illinois,
De Witt,Illinois,
Douglas,Illinois,
DuPage,Illinois,
Edgar,Illinois,
Edwards,Illinois,
Effingham,Illinois,
Fayette,Illinois,
Ford,Illinois,
Franklin,Illinois,
Fulton,Illinois,
Gallatin,Illinois,
Greene,Illinois,
Grundy,Illinois,
Hamilton,Illinois,
Hancock,Illinois,
Hardin,Illinois,
Henderson,Illinois,
Henry,Illinois,
Iroquois,Illinois,
Jackson,Illinois,
Jasper,Illinois,
Jefferson,Illinois,
Jersey,Illinois,
Jo Daviess,Illinois,
Johnson,Illinois,
Kane,Illinois,
Kankakee,Illinois,
Kendall,Illinois,
Knox,Illinois,
Lake,Illinois,
LaSalle,Illinois,
Lawrence,Illinois,
Lee,Illinois,
Livingston,Illinois,
Logan,Illinois,
McDonough,Illinois,
McHenry,Illinois,
McLean,Illinois,
Macon,Illinois,
Macoupin,Illinois,
Madison,Illinois,
Marion,Illinois,
Marshall,Illinois,
Mason,Illinois,
Massac,Illinois,
Menard,Illinois,
Mercer,Illinois,
Monroe,Illinois,
Montgomery,Illinois,
Morgan,Illinois,
Moultrie,Illinois,
Ogle,Illinois,
Peoria,Illinois,
Perry,Illinois,
Piatt,Illinois,
Pike,Illinois,
Pope,Illinois,
Pulaski,Illinois,
Putnam,Illinois,
Randolph,Illinois,
Richland,Illinois,
Rock Island,Illinois,
St. Clair,Illinois,
Saline,Illinois,
Sangamon,Illinois,
Schuyler,Illinois,
Scott,Illinois,
Shelby,Illinois,
Stark,Illinois,
Stephenson,Illinois,
Tazewell,Illinois,
Union,Illinois,
Vermilion,Illinois,
Wabash,Illinois,
Warren,Illinois,
Washington,Illinois,
Wayne,Illinois,
White,Illinois,
Whiteside,Illinois,
Will,Illinois,
Williamson,Illinois,
Winnebago,Illinois,
Woodford,Illinois,
Adams,Indiana,
Allen,Indiana,
Bartholomew,Indiana,
Benton,Indiana,
Blackford,Indiana,
Boone,Indiana,
Brown,Indiana,
Carroll,Indiana,
Cass,Indiana,
Clark,Indiana,
Clay,Indiana,
Clinton,Indiana,
Crawford,Indiana,
Daviess,Indiana,
Dearborn,Indiana,
Decatur,Indiana,
DeKalb,Indiana,
Delaware,Indiana,
Dubois,Indiana,
Elkhart,Indiana,
Fayette,Indiana,
Floyd,Indiana,
Fountain,Indiana,
Franklin,Indiana,
Fulton,Indiana,
Gibson,Indiana,
Grant,Indiana,
Greene,Indiana,
Hamilton,Indiana,
Hancock,Indiana,
Harrison,Indiana,
Hendricks,Indiana,
Henry,Indiana,
Howard,Indiana,
Huntington,Indiana,
Jackson,Indiana,
Jasper,Indiana,
Jay,Indiana,
Jefferson,Indiana,
Jennings,Indiana,
Johnson,Indiana,
Knox,Indiana,
Kosciusko,Indiana,
LaGrange,Indiana,
Lake,Indiana,
LaPorte,Indiana,
Lawrence,Indiana,
Madison,Indiana,
Marion,Indiana,
Marshall,Indiana,
Martin,Indiana,
Miami,Indiana,
Monroe,Indiana,
Montgomery,Indiana,
Morgan,Indiana,
Newton,Indiana,
Noble,Indiana,
Ohio,Indiana,
Orange,Indiana,
Owen,Indiana,
Parke,Indiana,
Perry,Indiana,
Pike,Indiana,
Porter,Indiana,
Posey,Indiana,
Pulaski,Indiana,
Putnam,Indiana,
Randolph,Indiana,
Ripley,Indiana,
Rush,Indiana,
St. Joseph,Indiana,
Scott,Indiana,
Shelby,Indiana,
Spencer,Indiana,
Starke,Indiana,
Steuben,Indiana,
Sullivan,Indiana,
Switzerland,Indiana,
Tippecanoe,Indiana,
Tipton,Indiana,
Union,Indiana,
Vanderburgh,Indiana,
Vermillion,Indiana,
Vigo,Indiana,
Wabash,Indiana,
Warren,Indiana,
Warrick,Indiana,
Washington,Indiana,
Wayne,Indiana,
Wells,Indiana,
White,Indiana,
Whitley,Indiana,
Adair,Iowa,
Adams,Iowa,
Allamakee,Iowa,
Appanoose,Iowa,
Audubon,Iowa,
Benton,Iowa,
Black Hawk,Iowa,
Boone,Iowa,
Bremer,Iowa,
Buchanan,Iowa,
Buena Vista,Iowa,
Butler,Iowa,
Calhoun,Iowa,
Carroll,Iowa,
Cass,Iowa,
Cedar,Iowa,
Cerro Gordo,Iowa,
Cherokee,Iowa,
Chickasaw,Iowa,
Clarke,Iowa,
Clay,Iowa,
Clayton,Iowa,
Clinton,Iowa,
Crawford,Iowa,
Dallas,Iowa,
Davis,Iowa,
Decatur,Iowa,
Delaware,Iowa,
Des Moines,Iowa,
Dickinson,Iowa,
Dubuque,Iowa,
Emmet,Iowa,
Fayette,Iowa,
Floyd,Iowa,
Franklin,Iowa,
Fremont,Iowa,
Greene,Iowa,
Grundy,Iowa,
Guthrie,Iowa,
Hamilton,Iowa,
Hancock,Iowa,
Hardin,Iowa,
Harrison,Iowa,
Henry,Iowa,
Howard,Iowa,
Humboldt,Iowa,
Ida,Iowa,
Iowa,Iowa,
Jackson,Iowa,
Jasper,Iowa,
Jefferson,Iowa,
Johnson,Iowa,
Jones,Iowa,
Keokuk,Iowa,
Kossuth,Iowa,
Lee,Iowa,
Linn,Iowa,
Louisa,Iowa,
Lucas,Iowa,
Lyon,Iowa,
Madison,Iowa,
Mahaska,Iowa,
Marion,Iowa,
Marshall,Iowa,
Mills,Iowa,
Mitchell,Iowa,
Monona,Iowa,
Monroe,Iowa,
Montgomery,Iowa,
Muscatine,Iowa,
O'Brien,Iowa,
Osceola,Iowa,
Page,Iowa,
Palo Alto,Iowa,
Plymouth,Iowa,
Pocahontas,Iowa,
Polk,Iowa,
Pottawattamie,Iowa,
Poweshiek,Iowa,
Ringgold,Iowa,
Sac,Iowa,
Scott,Iowa,
Shelby,Iowa,
Sioux,Iowa,
Story,Iowa,
Tama,Iowa,
Taylor,Iowa,
Union,Iowa,
Van Buren,Iowa,
Wapello,Iowa,
Warren,Iowa,
Washington,Iowa,
Wayne,Iowa,
Webster,Iowa,
Winnebago,Iowa,
Winneshiek,Iowa,
Woodbury,Iowa,
Worth,Iowa,
Wright,Iowa,
Allen,Kansas,
Anderson,Kansas,
Atchison,Kansas,
Barber,Kansas,
Barton,Kansas,
Bourbon,Kansas,
Brown,Kansas,
Butler,Kansas,
Chase,Kansas,
Chautauqua,Kansas,
Cherokee,Kansas,
Cheyenne,Kansas,
Clark,Kansas,
Clay,Kansas,
Cloud,Kansas,
Coffey,Kansas,
Comanche,Kansas,
Cowley,Kansas,
Crawford,Kansas,
Decatur,Kansas,
Dickinson,Kansas,
Doniphan,Kansas,
Douglas,Kansas,
Edwards,Kansas,
Elk,Kansas,
Ellis,Kansas,
Ellsworth,Kansas,
Finney,Kansas,
Ford,Kansas,
Franklin,Kansas,
Geary,Kansas,
Gove,Kansas,
Graham,Kansas,
Grant,Kansas,
Gray,Kansas,
Greeley,Kansas,
Greenwood,Kansas,
Hamilton,Kansas,
Harper,Kansas,
Harvey,Kansas,
Haskell,Kansas,
Hodgeman,Kansas,
Jackson,Kansas,
Jefferson,Kansas,
Jewell,Kansas,
Johnson,Kansas,
Kearny,Kansas,
Kingman,Kansas,
Kiowa,Kansas,
Labette,Kansas,
Lane,Kansas,
Leavenworth,Kansas,
Lincoln,Kansas,
Linn,Kansas,
Logan,Kansas,
Lyon,Kansas,
McPherson,Kansas,
Marion,Kansas,
Marshall,Kansas,
Meade,Kansas,
Miami,Kansas,
Mitchell,Kansas,
Montgomery,Kansas,
Morris,Kansas,
Morton,Kansas,
Nemaha,Kansas,
Neosho,Kansas,
Ness,Kansas,
Norton,Kansas,
Osage,Kansas,
Osborne,Kansas,
Ottawa,Kansas,
Pawnee,Kansas,
Phillips,Kansas,
Pottawatomie,Kansas,
Pratt,Kansas,
Rawlins,Kansas,
Reno,Kansas,
Republic,Kansas,
Rice,Kansas,
Riley,Kansas,
Rooks,Kansas,
Rush,Kansas,
Russell,Kansas,
Saline,Kansas,
Scott,Kansas,
Sedgwick,Kansas,
Seward,Kansas,
Shawnee,Kansas,
Sheridan,Kansas,
Sherman,Kansas,
Smith,Kansas,
Stafford,Kansas,
Stanton,Kansas,
Stevens,Kansas,
Sumner,Kansas,
Thomas,Kansas,
Trego,Kansas,
Wabaunsee,Kansas,
Wallace,Kansas,
Washington,Kansas,
Wichita,Kansas,
Wilson,Kansas,
Woodson,Kansas,
Wyandotte,Kansas,
Adair,Kentucky,
Allen,Kentucky,
Anderson,Kentucky,
Ballard,Kentucky,
Barren,Kentucky,
Bath,Kentucky,
Bell,Kentucky,
Boone,Kentucky,
Bourbon,Kentucky,
Boyd,Kentucky,
Boyle,Kentucky,
Bracken,Kentucky,
Breathitt,Kentucky,
Breckinridge,Kentucky,
Bullitt,Kentucky,
Butler,Kentucky,
Caldwell,Kentucky,
Calloway,Kentucky,
Campbell,Kentucky,
Carlisle,Kentucky,
Carroll,Kentucky,
Carter,Kentucky,
Casey,Kentucky,
Christian,Kentucky,
Clark,Kentucky,
Clay,Kentucky,
Clinton,Kentucky,
Crittenden,Kentucky,
Cumberland,Kentucky,
Daviess,Kentucky,
Edmonson,Kentucky,
Elliott,Kentucky,
Estill,Kentucky,
Fayette,Kentucky,
Fleming,Kentucky,
Floyd,Kentucky,
Franklin,Kentucky,
Fulton,Kentucky,
Gallatin,Kentucky,
Garrard,Kentucky,
Grant,Kentucky,
Graves,Kentucky,
Grayson,Kentucky,
Green,Kentucky,
Greenup,Kentucky,
Hancock,Kentucky,
Hardin,Kentucky,
Harlan,Kentucky,
Harrison,Kentucky,
Hart,Kentucky,
Henderson,Kentucky,
Henry,Kentucky,
Hickman,Kentucky,
Hopkins,Kentucky,
Jackson,Kentucky,
Jefferson,Kentucky,
Jessamine,Kentucky,
Johnson,Kentucky,
Kenton,Kentucky,
Knott,Kentucky,
Knox,Kentucky,
Larue,Kentucky,
Laurel,Kentucky,
Lawrence,Kentucky,
Lee,Kentucky,
Leslie,Kentucky,
Letcher,Kentucky,
Lewis,Kentucky,
Lincoln,Kentucky,
Livingston,Kentucky,
Logan,Kentucky,
Lyon,Kentucky,
McCracken,Kentucky,
McCreary,Kentucky,
McLean,Kentucky,
Madison,Kentucky,
Magoffin,Kentucky,
Marion,Kentucky,
Marshall,Kentucky,
Martin,Kentucky,
Mason,Kentucky,
Meade,Kentucky,
Menifee,Kentucky,
Mercer,Kentucky,
Metcalfe,Kentucky,
Monroe,Kentucky,
Montgomery,Kentucky,
Morgan,Kentucky,
Muhlenberg,Kentucky,
Nelson,Kentucky,
Nicholas,Kentucky,
Ohio,Kentucky,
Oldham,Kentucky,
Owen,Kentucky,
Owsley,Kentucky,
Pendleton,Kentucky,
Perry,Kentucky,
Pike,Kentucky,
Powell,Kentucky,
Pulaski,Kentucky,
Robertson,Kentucky,
Rockcastle,Kentucky,
Rowan,Kentucky,
Russell,Kentucky,
Scott,Kentucky,
Shelby,Kentucky,
Simpson,Kentucky,
Spencer,Kentucky,
Taylor,Kentucky,
Todd,Kentucky,
Trigg,Kentucky,
Trimble,Kentucky,
Union,Kentucky,
Warren,Kentucky,
Washington,Kentucky,
Wayne,Kentucky,
Webster,Kentucky,
Whitley,Kentucky,
Wolfe,Kentucky,
Woodford,Kentucky,
Acadia,Louisiana,
Allen,Louisiana,
Ascension,Louisiana,
Assumption,Louisiana,
Avoyelles,Louisiana,
Beauregard,Louisiana,
Bienville,Louisiana,
Bossier,Louisiana,
Caddo,Louisiana,
Calcasieu,Louisiana,
Caldwell,Louisiana,
Cameron,Louisiana,
Catahoula,Louisiana,
Claiborne,Louisiana,
Concordia,Louisiana,
De Soto,Louisiana,
East Baton Rouge,Louisiana,
East Carroll,Louisiana,
East Feliciana,Louisiana,
Evangeline,Louisiana,
Franklin,Louisiana,
Grant,Louisiana,
Iberia,Louisiana,
Iberville,Louisiana,
Jackson,Louisiana,
Jefferson,Louisiana,
Jefferson Davis,Louisiana,
Lafayette,Louisiana,
Lafourche,Louisiana,
LaSalle,Louisiana,
Lincoln,Louisiana,
Livingston,Louisiana,
Madison,Louisiana,
Morehouse,Louisiana,
Natchitoches,Louisiana,
Orleans,Louisiana,
Ouachita,Louisiana,
Plaquemines,Louisiana,
Pointe Coupee,Louisiana,
Rapides,Louisiana,
Red River,Louisiana,
Richland,Louisiana,
Sabine,Louisiana,
St. Bernard,Louisiana,
St. Charles,Louisiana,
St. Helena,Louisiana,
St. James,Louisiana,
St. John the Baptist,Louisiana,
St. Landry,Louisiana,
St. Martin,Louisiana,
St. Mary,Louisiana,
St. Tammany,Louisiana,
Tangipahoa,Louisiana,
Tensas,Louisiana,
Terrebonne,Louisiana,
Union,Louisiana,
Vermilion,Louisiana,
Vernon,Louisiana,
Washington,Louisiana,
Webster,Louisiana,
West Baton Rouge,Louisiana,
West Carroll,Louisiana,
West Feliciana,Louisiana,
Winn,Louisiana,
Androscoggin,Maine,
Aroostook,Maine,
Cumberland,Maine,
Franklin,Maine,
Hancock,Maine,
Kennebec,Maine,
Knox,Maine,
Lincoln,Maine,
Oxford,Maine,
Penobscot,Maine,
Piscataquis,Maine,
Sagadahoc,Maine,
Somerset,Maine,
Waldo,Maine,
Washington,Maine,
York,Maine,
Allegany,Maryland,
Anne Arundel,Maryland,
Baltimore,Maryland,
Calvert,Maryland,
Caroline,Maryland,
Carroll,Maryland,
Cecil,Maryland,
Charles,Maryland,
Dorchester,Maryland,
Frederick,Maryland,
Garrett,Maryland,
Harford,Maryland,
Howard,Maryland,
Kent,Maryland,
Montgomery,Maryland,
Prince George's,Maryland,
Queen Anne's,Maryland,
St. Mary's,Maryland,
Somerset,Maryland,
Talbot,Maryland,
Washington,Maryland,
Wicomico,Maryland,
Worcester,Maryland,
Baltimore City,Maryland,
Barnstable,Massachusetts,
Berkshire,Massachusetts,
Bristol,Massachusetts,
Dukes,Massachusetts,
Essex,Massachusetts,
Franklin,Massachusetts,
Hampden,Massachusetts,
Hampshire,Massachusetts,
Middlesex,Massachusetts,
Nantucket,Massachusetts,
Norfolk,Massachusetts,
Plymouth,Massachusetts,
Suffolk,Massachusetts,
Worcester,Massachusetts,
Alcona,Michigan,
Alger,Michigan,
Allegan,Michigan,
Alpena,Michigan,
Antrim,Michigan,
Arenac,Michigan,
Baraga,Michigan,
Barry,Michigan,
Bay,Michigan,
Benzie,Michigan,
Berrien,Michigan,
Branch,Michigan,
Calhoun,Michigan,
Cass,Michigan,
Charlevoix,Michigan,
Cheboygan,Michigan,
Chippewa,Michigan,
Clare,Michigan,
Clinton,Michigan,
Crawford,Michigan,
Delta,Michigan,
Dickinson,Michigan,
Eaton,Michigan,
Emmet,Michigan,
Genesee,Michigan,
Gladwin,Michigan,
Gogebic,Michigan,
Grand Traverse,Michigan,
Gratiot,Michigan,
Hillsdale,Michigan,
Houghton,Michigan,
Huron,Michigan,
Ingham,Michigan,
Ionia,Michigan,
Iosco,Michigan,
Iron,Michigan,
Isabella,Michigan,
Jackson,Michigan,
Kalamazoo,Michigan,
Kalkaska,Michigan,
Kent,Michigan,
Keweenaw,Michigan,
Lake,Michigan,
Lapeer,Michigan,
Leelanau,Michigan,
Lenawee,Michigan,
Livingston,Michigan,
Luce,Michigan,
Mackinac,Michigan,
Macomb,Michigan,
Manistee,Michigan,
Marquette,Michigan,
Mason,Michigan,
Mecosta,Michigan,
Menominee,Michigan,
Midland,Michigan,
Missaukee,Michigan,
Monroe,Michigan,
Montcalm,Michigan,
Montmorency,Michigan,
Muskegon,Michigan,
Newaygo,Michigan,
Oakland,Michigan,
Oceana,Michigan,
Ogemaw,Michigan,
Ontonagon,Michigan,
Osceola,Michigan,
Oscoda,Michigan,
Otsego,Michigan,
Ottawa,Michigan,
Presque Isle,Michigan,
Roscommon,Michigan,
Saginaw,Michigan,
St. Clair,Michigan,
St. Joseph,Michigan,
Sanilac,Michigan,
Schoolcraft,Michigan,
Shiawassee,Michigan,
Tuscola,Michigan,
Van Buren,Michigan,
Washtenaw,Michigan,
Wayne,Michigan,
Wexford,Michigan,
Aitkin,Minnesota,Northeast
Anoka,Minnesota,Minneapolis-St. Paul
Becker,Minnesota,Northwest
Beltrami,Minnesota,Northwest
Benton,Minnesota,St. Cloud
Big Stone,Minnesota,Southwest
Blue Earth,Minnesota,Mankato-North Mankato
Brown,Minnesota,Southeast
Carlton,Minnesota,Duluth
Carver,Minnesota,Minneapolis-St. Paul
Cass,Minnesota,Northwest
Chippewa,Minnesota,Southwest
Chisago,Minnesota,Minneapolis-St. Paul
Clay,Minnesota,Northwest
Clearwater,Minnesota,Northwest
Cook,Minnesota,Northeast
Cottonwood,Minnesota,Southwest
Crow Wing,Minnesota,Northwest
Dakota,Minnesota,Minneapolis-St. Paul
Dodge,Minnesota,Rochester
Douglas,Minnesota,Duluth
Faribault,Minnesota,Southeast
Fillmore,Minnesota,Rochester
Freeborn,Minnesota,Southeast
Goodhue,Minnesota,Southeast
Grant,Minnesota,Northwest
Hennepin,Minnesota,Minneapolis-St. Paul
Houston,Minnesota,LaCrosse WI
Hubbard,Minnesota,Northwest
Isanti,Minnesota,Minneapolis-St. Paul
Itasca,Minnesota,Northeast
Jackson,Minnesota,Southwest
Kanabec,Minnesota,Northeast
Kandiyohi,Minnesota,Southwest
Kittson,Minnesota,Northwest
Koochiching,Minnesota,Northeast
Lac qui Parle,Minnesota,Southwest
Lake,Minnesota,Northeast
Lake of the Woods,Minnesota,Northwest
Le Sueur,Minnesota,Minneapolis-St. Paul
Lincoln,Minnesota,Southwest
Lyon,Minnesota,Southwest
McLeod,Minnesota,Southwest
Mahnomen,Minnesota,Northwest
Marshall,Minnesota,Northwest
Martin,Minnesota,Southeast
Meeker,Minnesota,Southwest
Mille Lacs,Minnesota,Minneapolis-St. Paul
Morrison,Minnesota,Northwest
Mower,Minnesota,Southeast
Murray,Minnesota,Southwest
Nicollet,Minnesota,Mankato-North Mankato
Nobles,Minnesota,Southwest
Norman,Minnesota,Northwest
Olmsted,Minnesota,Rochester
Otter Tail,Minnesota,Northwest
Pennington,Minnesota,Northwest
Pine,Minnesota,Northeast
Pipestone,Minnesota,Southwest
Polk,Minnesota,Grand Forks ND
Pope,Minnesota,Northwest
Ramsey,Minnesota,Minneapolis-St. Paul
Red Lake,Minnesota,Northwest
Redwood,Minnesota,Southwest
Renville,Minnesota,Southwest
Rice,Minnesota,Southeast
Rock,Minnesota,Southwest
Roseau,Minnesota,Northwest
St. Louis,Minnesota,Duluth
Scott,Minnesota,Minneapolis-St. Paul
Sherburne,Minnesota,Minneapolis-St. Paul
Sibley,Minnesota,Minneapolis-St. Paul
Stearns,Minnesota,St. Cloud
Steele,Minnesota,Southeast
Stevens,Minnesota,Northwest
Swift,Minnesota,Southwest
Todd,Minnesota,Northwest
Traverse,Minnesota,Northwest
Wabasha,Minnesota,Rochester
Wadena,Minnesota,Northwest
Waseca,Minnesota,Southeast
Washington,Minnesota,Minneapolis-St. Paul
Watonwan,Minnesota,Southeast
Wilkin,Minnesota,Northwest
Winona,Minnesota,Southeast
Wright,Minnesota,Minneapolis-St. Paul
Yellow Medicine,Minnesota,Southwest
Adams,Mississippi,
Alcorn,Mississippi,
Amite,Mississippi,
Attala,Mississippi,
Benton,Mississippi,
Bolivar,Mississippi,
Calhoun,Mississippi,
Carroll,Mississippi,
Chickasaw,Mississippi,
Choctaw,Mississippi,
Claiborne,Mississippi,
Clarke,Mississippi,
Clay,Mississippi,
Coahoma,Mississippi,
Copiah,Mississippi,
Covington,Mississippi,
DeSoto,Mississippi,
Forrest,Mississippi,
Franklin,Mississippi,
George,Mississippi,
Greene,Mississippi,
Grenada,Mississippi,
Hancock,Mississippi,
Harrison,Mississippi,
Hinds,Mississippi,
Holmes,Mississippi,
Humphreys,Mississippi,
Issaquena,Mississippi,
Itawamba,Mississippi,
Jackson,Mississippi,
Jasper,Mississippi,
Jefferson,Mississippi,
Jefferson Davis,Mississippi,
Jones,Mississippi,
Kemper,Mississippi,
Lafayette,Mississippi,
Lamar,Mississippi,
Lauderdale,Mississippi,
Lawrence,Mississippi,
Leake,Mississippi,
Lee,Mississippi,
Leflore,Mississippi,
Lincoln,Mississippi,
Lowndes,Mississippi,
Madison,Mississippi,
Marion,Mississippi,
Marshall,Mississippi,
Monroe,Mississippi,
Montgomery,Mississippi,
Neshoba,Mississippi,
Newton,Mississippi,
Noxubee,Mississippi,
Oktibbeha,Mississippi,
Panola,Mississippi,
Pearl River,Mississippi,
Perry,Mississippi,
Pike,Mississippi,
Pontotoc,Mississippi,
Prentiss,Mississippi,
Quitman,Mississippi,
Rankin,Mississippi,
Scott,Mississippi,
Sharkey,Mississippi,
Simpson,Mississippi,
Smith,Mississippi,
Stone,Mississippi,
Sunflower,Mississippi,
Tallahatchie,Mississippi,
Tate,Mississippi,
Tippah,Mississippi,
Tishomingo,Mississippi,
Tunica,Mississippi,
Union,Mississippi,
Walthall,Mississippi,
Warren,Mississippi,
Washington,Mississippi,
Wayne,Mississippi,
Webster,Mississippi,
Wilkinson,Mississippi,
Winston,Mississippi,
Yalobusha,Mississippi,
Yazoo,Mississippi,
Adair,Missouri,
Andrew,Missouri,
Atchison,Missouri,
Audrain,Missouri,
Barry,Missouri,
Barton,Missouri,
Bates,Missouri,
Benton,Missouri,
Bollinger,Missouri,
Boone,Missouri,
Buchanan,Missouri,
Butler,Missouri,
Caldwell,Missouri,
Callaway,Missouri,
Camden,Missouri,
Cape Girardeau,Missouri,
Carroll,Missouri,
Carter,Missouri,
Cass,Missouri,
Cedar,Missouri,
Chariton,Missouri,
Christian,Missouri,
Clark,Missouri,
Clay,Missouri,
Clinton,Missouri,
Cole,Missouri,
Cooper,Missouri,
Crawford,Missouri,
Dade,Missouri,
Dallas,Missouri,
Daviess,Missouri,
DeKalb,Missouri,
Dent,Missouri,
Douglas,Missouri,
Dunklin,Missouri,
Franklin,Missouri,
Gasconade,Missouri,
Gentry,Missouri,
Greene,Missouri,
Grundy,Missouri,
Harrison,Missouri,
Henry,Missouri,
Hickory,Missouri,
Holt,Missouri,
Howard,Missouri,
Howell,Missouri,
Iron,Missouri,
Jackson,Missouri,
Jasper,Missouri,
Jefferson,Missouri,
Johnson,Missouri,
Knox,Missouri,
Laclede,Missouri,
Lafayette,Missouri,
Lawrence,Missouri,
Lewis,Missouri,
Lincoln,Missouri,
Linn,Missouri,
Livingston,Missouri,
McDonald,Missouri,
Macon,Missouri,
Madison,Missouri,
Maries,Missouri,
Marion,Missouri,
Mercer,Missouri,
Miller,Missouri,
Mississippi,Missouri,
Moniteau,Missouri,
Monroe,Missouri,
Montgomery,Missouri,
Morgan,Missouri,
New Madrid,Missouri,
Newton,Missouri,
Nodaway,Missouri,
Oregon,Missouri,
Osage,Missouri,
Ozark,Missouri,
Pemiscot,Missouri,
Perry,Missouri,
Pettis,Missouri,
Phelps,Missouri,
Pike,Missouri,
Platte,Missouri,
Polk,Missouri,
Pulaski,Missouri,
Putnam,Missouri,
Ralls,Missouri,
Randolph,Missouri,
Ray,Missouri,
Reynolds,Missouri,
Ripley,Missouri,
St. Charles,Missouri,
St. Clair,Missouri,
Ste. Genevieve,Missouri,
St. Francois,Missouri,
St. Louis,Missouri,
Saline,Missouri,
Schuyler,Missouri,
Scotland,Missouri,
Scott,Missouri,
Shannon,Missouri,
Shelby,Missouri,
Stoddard,Missouri,
Stone,Missouri,
Sullivan,Missouri,
Taney,Missouri,
Texas,Missouri,
Vernon,Missouri,
Warren,Missouri,
Washington,Missouri,
Wayne,Missouri,
Webster,Missouri,
Worth,Missouri,
Wright,Missouri,
St. Louis City,Missouri,
Beaverhead,Montana,
Big Horn,Montana,
Blaine,Montana,
Broadwater,Montana,
Carbon,Montana,
Carter,Montana,
Cascade,Montana,
Chouteau,Montana,
Custer,Montana,
Daniels,Montana,
Dawson,Montana,
Deer Lodge,Montana,
Fallon,Montana,
Fergus,Montana,
Flathead,Montana,
Gallatin,Montana,
Garfield,Montana,
Glacier,Montana,
Golden Valley,Montana,
Granite,Montana,
Hill,Montana,
Jefferson,Montana,
Judith Basin,Montana,
Lake,Montana,
Lewis and Clark,Montana,
Liberty,Montana,
Lincoln,Montana,
McCone,Montana,
Madison,Montana,
Meagher,Montana,
Mineral,Montana,
Missoula,Montana,
Musselshell,Montana,
Park,Montana,
Petroleum,Montana,
Phillips,Montana,
Pondera,Montana,
Powder River,Montana,
Powell,Montana,
Prairie,Montana,
Ravalli,Montana,
Richland,Montana,
Roosevelt,Montana,
Rosebud,Montana,
Sanders,Montana,
Sheridan,Montana,
Silver Bow,Montana,
Stillwater,Montana,
Sweet Grass,Montana,
Teton,Montana,
Toole,Montana,
Treasure,Montana,
Valley,Montana,
Wheatland,Montana,
Wibaux,Montana,
Yellowstone,Montana,
Adams,Nebraska,
Antelope,Nebraska,
Arthur,Nebraska,
Banner,Nebraska,
Blaine,Nebraska,
Boone,Nebraska,
Box Butte,Nebraska,
Boyd,Nebraska,
Brown,Nebraska,
Buffalo,Nebraska,
Burt,Nebraska,
Butler,Nebraska,
Cass,Nebraska,
Cedar,Nebraska,
Chase,Nebraska,
Cherry,Nebraska,
Cheyenne,Nebraska,
Clay,Nebraska,
Colfax,Nebraska,
Cuming,Nebraska,
Custer,Nebraska,
Dakota,Nebraska,
Dawes,Nebraska,
Dawson,Nebraska,
Deuel,Nebraska,
Dixon,Nebraska,
Dodge,Nebraska,
Douglas,Nebraska,
Dundy,Nebraska,
Fillmore,Nebraska,
Franklin,Nebraska,
Frontier,Nebraska,
Furnas,Nebraska,
Gage,Nebraska,
Garden,Nebraska,
Garfield,Nebraska,
Gosper,Nebraska,
Grant,Nebraska,
Greeley,Nebraska,
Hall,Nebraska,
Hamilton,Nebraska,
Harlan,Nebraska,
Hayes,Nebraska,
Hitchcock,Nebraska,
Holt,Nebraska,
Hooker,Nebraska,
Howard,Nebraska,
Jefferson,Nebraska,
Johnson,Nebraska,
Kearney,Nebraska,
Keith,Nebraska,
Keya Paha,Nebraska,
Kimball,Nebraska,
Knox,Nebraska,
Lancaster,Nebraska,
Lincoln,Nebraska,
Logan,Nebraska,
Loup,Nebraska,
McPherson,Nebraska,
Madison,Nebraska,
Merrick,Nebraska,
Morrill,Nebraska,
Nance,Nebraska,
Nemaha,Nebraska,
Nuckolls,Nebraska,
Otoe,Nebraska,
Pawnee,Nebraska,
Perkins,Nebraska,
Phelps,Nebraska,
Pierce,Nebraska,
Platte,Nebraska,
Polk,Nebraska,
Red Willow,Nebraska,
Richardson,Nebraska,
Rock,Nebraska,
Saline,Nebraska,
Sarpy,Nebraska,
Saunders,Nebraska,
Scotts Bluff,Nebraska,
Seward,Nebraska,
Sheridan,Nebraska,
Sherman,Nebraska,
Sioux,Nebraska,
Stanton,Nebraska,
Thayer,Nebraska,
Thomas,Nebraska,
Thurston,Nebraska,
Valley,Nebraska,
Washington,Nebraska,
Wayne,Nebraska,
Webster,Nebraska,
Wheeler,Nebraska,
York,Nebraska,
Churchill,Nevada,
Clark,Nevada,
Douglas,Nevada,
Elko,Nevada,
Esmeralda,Nevada,
Eureka,Nevada,
Humboldt,Nevada,
Lander,Nevada,
Lincoln,Nevada,
Lyon,Nevada,
Mineral,Nevada,
Nye,Nevada,
Pershing,Nevada,
Storey,Nevada,
Washoe,Nevada,
White Pine,Nevada,
Carson City,Nevada,
Belknap,New Hampshire,
Carroll,New Hampshire,
Cheshire,New Hampshire,
Coos,New Hampshire,
Grafton,New Hampshire,
Hillsborough,New Hampshire,
Merrimack,New Hampshire,
Rockingham,New Hampshire,
Strafford,New Hampshire,
Sullivan,New Hampshire,
Atlantic,New Jersey,
Bergen,New Jersey,
Burlington,New Jersey,
Camden,New Jersey,
Cape May,New Jersey,
Cumberland,New Jersey,
Essex,New Jersey,
Gloucester,New Jersey,
Hudson,New Jersey,
Hunterdon,New Jersey,
Mercer,New Jersey,
Middlesex,New Jersey,
Monmouth,New Jersey,
Morris,New Jersey,
Ocean,New Jersey,
Passaic,New Jersey,
Salem,New Jersey,
Somerset,New Jersey,
Sussex,New Jersey,
Union,New Jersey,
Warren,New Jersey,
Bernalillo,New Mexico,
Catron,New Mexico,
Chaves,New Mexico,
Cibola,New Mexico,
Colfax,New Mexico,
Curry,New Mexico,
De Baca,New Mexico,
Dona Ana,New Mexico,
Eddy,New Mexico,
Grant,New Mexico,
Guadalupe,New Mexico,
Harding,New Mexico,
Hidalgo,New Mexico,
Lea,New Mexico,
Lincoln,New Mexico,
Los Alamos,New Mexico,
Luna,New Mexico,
McKinley,New Mexico,
Mora,New Mexico,
Otero,New Mexico,
Quay,New Mexico,
Rio Arriba,New Mexico,
Roosevelt,New Mexico,
Sandoval,New Mexico,
San Juan,New Mexico,
San Miguel,New Mexico,
Santa Fe,New Mexico,
Sierra,New Mexico,
Socorro,New Mexico,
Taos,New Mexico,
Torrance,New Mexico,
Union,New Mexico,
Valencia,New Mexico,
Albany,New York,Capital
Allegany,New York,Western New York
Bronx,New York,New York City
Broome,New York,Southern Tier
Cattaraugus,New York,Western New York
Cayuga,New York,Central New York
Chautauqua,New York,Western New York
Chemung,New York,Southern Tier
Chenango,New York,Southern Tier
Clinton,New York,North Country
Columbia,New York,Capital
Cortland,New York,Central New York
Delaware,New York,Southern Tier
Dutchess,New York,Mid-Hudson
Erie,New York,Western New York
Essex,New York,North Country
Franklin,New York,North Country
Fulton,New York,Mohawk Valley
Genesee,New York,Finger Lakes
Greene,New York,Capital
Hamilton,New York,North Country
Herkimer,New York,Mohawk Valley
Jefferson,New York,North Country
Kings,New York,New York City
Lewis,New York,North Country
Livingston,New York,Finger Lakes
Madison,New York,Central New York
Monroe,New York,Finger Lakes
Montgomery,New York,Mohawk Valley
Nassau,New York,Long Island
New York,New York,New York City
New York City,New York,New York City
Niagara,New York,Western New York
Oneida,New York,Mohawk Valley
Onondaga,New York,Central New York
Ontario,New York,Finger Lakes
Orange,New York,Mid-Hudson
Orleans,New York,Finger Lakes
Oswego,New York,Central New York
Otsego,New York,Mohawk Valley
Putnam,New York,Mid-Hudson
Queens,New York,New York City
Rensselaer,New York,Capital
Richmond,New York,New York City
Rockland,New York,Mid-Hudson
St. Lawrence,New York,North Country
Saratoga,New York,Capital
Schenectady,New York,Capital
Schoharie,New York,Mohawk Valley
Schuyler,New York,Southern Tier
Seneca,New York,Finger Lakes
Steuben,New York,Southern Tier
Suffolk,New York,Long Island
Sullivan,New York,Mid-Hudson
Tioga,New York,Southern Tier
Tompkins,New York,Southern Tier
Ulster,New York,Mid-Hudson
Warren,New York,Capital
Washington,New York,Capital
Wayne,New York,Finger Lakes
Westchester,New York,Mid-Hudson
Wyoming,New York,Finger Lakes
Yates,New York,Finger Lakes
Alamance,North Carolina,
Alexander,North Carolina,
Alleghany,North Carolina,
Anson,North Carolina,
Ashe,North Carolina,
Avery,North Carolina,
Beaufort,North Carolina,
Bertie,North Carolina,
Bladen,North Carolina,
Brunswick,North Carolina,
Buncombe,North Carolina,
Burke,North Carolina,
Cabarrus,North Carolina,
Caldwell,North Carolina,
Camden,North Carolina,
Carteret,North Carolina,
Caswell,North Carolina,
Catawba,North Carolina,
Chatham,North Carolina,
Cherokee,North Carolina,
Chowan,North Carolina,
Clay,North Carolina,
Cleveland,North Carolina,
Columbus,North Carolina,
Craven,North Carolina,
Cumberland,North Carolina,
Currituck,North Carolina,
Dare,North Carolina,
Davidson,North Carolina,
Davie,North Carolina,
Duplin,North Carolina,
Durham,North Carolina,
Edgecombe,North Carolina,
Forsyth,North Carolina,
Franklin,North Carolina,
Gaston,North Carolina,
Gates,North Carolina,
Graham,North Carolina,
Granville,North Carolina,
Greene,North Carolina,
Guilford,North Carolina,
Halifax,North Carolina,
Harnett,North Carolina,
Haywood,North Carolina,
Henderson,North Carolina,
Hertford,North Carolina,
Hoke,North Carolina,
Hyde,North Carolina,
Iredell,North Carolina,
Jackson,North Carolina,
Johnston,North Carolina,
Jones,North Carolina,
Lee,North Carolina,
Lenoir,North Carolina,
Lincoln,North Carolina,
McDowell,North Carolina,
Macon,North Carolina,
Madison,North Carolina,
Martin,North Carolina,
Mecklenburg,North Carolina,
Mitchell,North Carolina,
Montgomery,North Carolina,
Moore,North Carolina,
Nash,North Carolina,
New Hanover,North Carolina,
Northampton,North Carolina,
Onslow,North Carolina,
Orange,North Carolina,
Pamlico,North Carolina,
Pasquotank,North Carolina,
Pender,North Carolina,
Perquimans,North Carolina,
Person,North Carolina,
Pitt,North Carolina,
Polk,North Carolina,
Randolph,North Carolina,
Richmond,North Carolina,
Robeson,North Carolina,
Rockingham,North Carolina,
Rowan,North Carolina,
Rutherford,North Carolina,
Sampson,North Carolina,
Scotland,North Carolina,
Stanly,North Carolina,
Stokes,North Carolina,
Surry,North Carolina,
Swain,North Carolina,
Transylvania,North Carolina,
Tyrrell,North Carolina,
Union,North Carolina,
Vance,North Carolina,
Wake,North Carolina,
Warren,North Carolina,
Washington,North Carolina,
Watauga,North Carolina,
Wayne,North Carolina,
Wilkes,North Carolina,
Wilson,North Carolina,
Yadkin,North Carolina,
Yancey,North Carolina,
Adams,North Dakota,
Barnes,North Dakota,
Benson,North Dakota,
Billings,North Dakota,
Bottineau,North Dakota,
Bowman,North Dakota,
Burke,North Dakota,
Burleigh,North Dakota,
Cass,North Dakota,
Cavalier,North Dakota,
Dickey,North Dakota,
Divide,North Dakota,
Dunn,North Dakota,
Eddy,North Dakota,
Emmons,North Dakota,
Foster,North Dakota,
Golden Valley,North Dakota,
Grand Forks,North Dakota,
Grant,North Dakota,
Griggs,North Dakota,
Hettinger,North Dakota,
Kidder,North Dakota,
LaMoure,North Dakota,
Logan,North Dakota,
McHenry,North Dakota,
McIntosh,North Dakota,
McKenzie,North Dakota,
McLean,North Dakota,
Mercer,North Dakota,
Morton,North Dakota,
Mountrail,North Dakota,
Nelson,North Dakota,
Oliver,North Dakota,
Pembina,North Dakota,
Pierce,North Dakota,
Ramsey,North Dakota,
Ransom,North Dakota,
Renville,North Dakota,
Richland,North Dakota,
Rolette,North Dakota,
Sargent,North Dakota,
Sheridan,North Dakota,
Sioux,North Dakota,
Slope,North Dakota,
Stark,North Dakota,
Steele,North Dakota,
Stutsman,North Dakota,
Towner,North Dakota,
Traill,North Dakota,
Walsh,North Dakota,
Ward,North Dakota,
Wells,North Dakota,
Williams,North Dakota,
Adams,Ohio,
Allen,Ohio,
Ashland,Ohio,
Ashtabula,Ohio,
Athens,Ohio,
Auglaize,Ohio,
Belmont,Ohio,
Brown,Ohio,
Butler,Ohio,
Carroll,Ohio,
Champaign,Ohio,
Clark,Ohio,
Clermont,Ohio,
Clinton,Ohio,
Columbiana,Ohio,
Coshocton,Ohio,
Crawford,Ohio,
Cuyahoga,Ohio,
Darke,Ohio,
Defiance,Ohio,
Delaware,Ohio,
Erie,Ohio,
Fairfield,Ohio,
Fayette,Ohio,
Franklin,Ohio,
Fulton,Ohio,
Gallia,Ohio,
Geauga,Ohio,
Greene,Ohio,
Guernsey,Ohio,
Hamilton,Ohio,
Hancock,Ohio,
Hardin,Ohio,
Harrison,Ohio,
Henry,Ohio,
Highland,Ohio,
Hocking,Ohio,
Holmes,Ohio,
Huron,Ohio,
Jackson,Ohio,
Jefferson,Ohio,
Knox,Ohio,
Lake,Ohio,
Lawrence,Ohio,
Licking,Ohio,
Logan,Ohio,
Lorain,Ohio,
Lucas,Ohio,
Madison,Ohio,
Mahoning,Ohio,
Marion,Ohio,
Medina,Ohio,
Meigs,Ohio,
Mercer,Ohio,
Miami,Ohio,
Monroe,Ohio,
Montgomery,Ohio,
Morgan,Ohio,
Morrow,Ohio,
Muskingum,Ohio,
Noble,Ohio,
Ottawa,Ohio,
Paulding,Ohio,
Perry,Ohio,
Pickaway,Ohio,
Pike,Ohio,
Portage,Ohio,
Preble,Ohio,
Putnam,Ohio,
Richland,Ohio,
Ross,Ohio,
Sandusky,Ohio,
Scioto,Ohio,
Seneca,Ohio,
Shelby,Ohio,
Stark,Ohio,
Summit,Ohio,
Trumbull,Ohio,
Tuscarawas,Ohio,
Union,Ohio,
Van Wert,Ohio,
Vinton,Ohio,
Warren,Ohio,
Washington,Ohio,
Wayne,Ohio,
Williams,Ohio,
Wood,Ohio,
Wyandot,Ohio,
Adair,Oklahoma,
Alfalfa,Oklahoma,
Atoka,Oklahoma,
Beaver,Oklahoma,
Beckham,Oklahoma,
Blaine,Oklahoma,
Bryan,Oklahoma,
Caddo,Oklahoma,
Canadian,Oklahoma,
Carter,Oklahoma,
Cherokee,Oklahoma,
Choctaw,Oklahoma,
Cimarron,Oklahoma,
Cleveland,Oklahoma,
Coal,Oklahoma,
Comanche,Oklahoma,
Cotton,Oklahoma,
Craig,Oklahoma,
Creek,Oklahoma,
Custer,Oklahoma,
Delaware,Oklahoma,
Dewey,Oklahoma,
Ellis,Oklahoma,
Garfield,Oklahoma,
Garvin,Oklahoma,
Grady,Oklahoma,
Grant,Oklahoma,
Greer,Oklahoma,
Harmon,Oklahoma,
Harper,Oklahoma,
Haskell,Oklahoma,
Hughes,Oklahoma,
Jackson,Oklahoma,
Jefferson,Oklahoma,
Johnston,Oklahoma,
Kay,Oklahoma,
Kingfisher,Oklahoma,
Kiowa,Oklahoma,
Latimer,Oklahoma,
Le Flore,Oklahoma,
Lincoln,Oklahoma,
Logan,Oklahoma,
Love,Oklahoma,
McClain,Oklahoma,
McCurtain,Oklahoma,
McIntosh,Oklahoma,
Major,Oklahoma,
Marshall,Oklahoma,
Mayes,Oklahoma,
Murray,Oklahoma,
Muskogee,Oklahoma,
Noble,Oklahoma,
Nowata,Oklahoma,
Okfuskee,Oklahoma,
Oklahoma,Oklahoma,
Okmulgee,Oklahoma,
Osage,Oklahoma,
Ottawa,Oklahoma,
Pawnee,Oklahoma,
Payne,Oklahoma,
Pittsburg,Oklahoma,
Pontotoc,Oklahoma,
Pottawatomie,Oklahoma,
Pushmataha,Oklahoma,
Roger Mills,Oklahoma,
Rogers,Oklahoma,
Seminole,Oklahoma,
Sequoyah,Oklahoma,
Stephens,Oklahoma,
Texas,Oklahoma,
Tillman,Oklahoma,
Tulsa,Oklahoma,
Wagoner,Oklahoma,
Washington,Oklahoma,
Washita,Oklahoma,
Woods,Oklahoma,
Woodward,Oklahoma,
Baker,Oregon,
Benton,Oregon,
Clackamas,Oregon,
Clatsop,Oregon,
Columbia,Oregon,
Coos,Oregon,
Crook,Oregon,
Curry,Oregon,
Deschutes,Oregon,
Douglas,Oregon,
Gilliam,Oregon,
Grant,Oregon,
Harney,Oregon,
Hood River,Oregon,
Jackson,Oregon,
Jefferson,Oregon,
Josephine,Oregon,
Klamath,Oregon,
Lake,Oregon,
Lane,Oregon,
Lincoln,Oregon,
Linn,Oregon,
Malheur,Oregon,
Marion,Oregon,
Morrow,Oregon,
Multnomah,Oregon,
Polk,Oregon,
Sherman,Oregon,
Tillamook,Oregon,
Umatilla,Oregon,
Union,Oregon,
Wallowa,Oregon,
Wasco,Oregon,
Washington,Oregon,
Wheeler,Oregon,
Yamhill,Oregon,
Adams,Pennsylvania,South Central
Allegheny,Pennsylvania,South West
Armstrong,Pennsylvania,South West
Beaver,Pennsylvania,South West
Bedford,Pennsylvania,South Central
Berks,Pennsylvania,South East
Blair,Pennsylvania,South Central
Bradford,Pennsylvania,North Central
Bucks,Pennsylvania,South East
Butler,Pennsylvania,South West
Cambria,Pennsylvania,South West
Cameron,Pennsylvania,North West
Carbon,Pennsylvania,North East
Centre,Pennsylvania,North Central
Chester,Pennsylvania,South East
Clarion,Pennsylvania,North West
Clearfield,Pennsylvania,North West
Clinton,Pennsylvania,North Central
Columbia,Pennsylvania,North Central
Crawford,Pennsylvania,North West
Cumberland,Pennsylvania,South Central
Dauphin,Pennsylvania,South Central
Delaware,Pennsylvania,South East
Elk,Pennsylvania,North West
Erie,Pennsylvania,North West
Fayette,Pennsylvania,South West
Forest,Pennsylvania,North West
Franklin,Pennsylvania,South Central
Fulton,Pennsylvania,South Central
Greene,Pennsylvania,South West
Huntingdon,Pennsylvania,South Central
Indiana,Pennsylvania,South West
Jefferson,Pennsylvania,North West
Juniata,Pennsylvania,South Central
Lackawanna,Pennsylvania,North East
Lancaster,Pennsylvania,South East
Lawrence,Pennsylvania,North West
Lebanon,Pennsylvania,South Central
Lehigh,Pennsylvania,North East
Luzerne,Pennsylvania,North East
Lycoming,Pennsylvania,North Central
McKean,Pennsylvania,North West
Mercer,Pennsylvania,North West
Mifflin,Pennsylvania,South Central
Monroe,Pennsylvania,North East
Montgomery,Pennsylvania,South East
Montour,Pennsylvania,North Central
Northampton,Pennsylvania,North East
Northumberland,Pennsylvania,North Central
Perry,Pennsylvania,South Central
Philadelphia,Pennsylvania,South East
Pike,Pennsylvania,North East
Potter,Pennsylvania,North Central
Schuylkill,Pennsylvania,South East
Snyder,Pennsylvania,North Central
Somerset,Pennsylvania,South West
Sullivan,Pennsylvania,North Central
Susquehanna,Pennsylvania,North East
Tioga,Pennsylvania,North Central
Union,Pennsylvania,North Central
Venango,Pennsylvania,North West
Warren,Pennsylvania,North West
Washington,Pennsylvania,South West
Wayne,Pennsylvania,North East
Westmoreland,Pennsylvania,South West
Wyoming,Pennsylvania,North East
York,Pennsylvania,South Central
Bristol,Rhode Island,
Kent,Rhode Island,
Newport,Rhode Island,
Providence,Rhode Island,
Washington,Rhode Island,
Abbeville,South Carolina,
Aiken,South Carolina,
Allendale,South Carolina,
Anderson,South Carolina,
Bamberg,South Carolina,
Barnwell,South Carolina,
Beaufort,South Carolina,
Berkeley,South Carolina,
Calhoun,South Carolina,
Charleston,South Carolina,
Cherokee,South Carolina,
Chester,South Carolina,
Chesterfield,South Carolina,
Clarendon,South Carolina,
Colleton,South Carolina,
Darlington,South Carolina,
Dillon,South Carolina,
Dorchester,South Carolina,
Edgefield,South Carolina,
Fairfield,South Carolina,
Florence,South Carolina,
Georgetown,South Carolina,
Greenville,South Carolina,
Greenwood,South Carolina,
Hampton,South Carolina,
Horry,South Carolina,
Jasper,South Carolina,
Kershaw,South Carolina,
Lancaster,South Carolina,
Laurens,South Carolina,
Lee,South Carolina,
Lexington,South Carolina,
McCormick,South Carolina,
Marion,South Carolina,
Marlboro,South Carolina,
Newberry,South Carolina,
Oconee,South Carolina,
Orangeburg,South Carolina,
Pickens,South Carolina,
Richland,South Carolina,
Saluda,South Carolina,
Spartanburg,South Carolina,
Sumter,South Carolina,
Union,South Carolina,
Williamsburg,South Carolina,
York,South Carolina,
Aurora,South Dakota,
Beadle,South Dakota,
Bennett,South Dakota,
Bon Homme,South Dakota,
Brookings,South Dakota,
Brown,South Dakota,
Brule,South Dakota,
Buffalo,South Dakota,
Butte,South Dakota,
Campbell,South Dakota,
Charles Mix,South Dakota,
Clark,South Dakota,
Clay,South Dakota,
Codington,South Dakota,
Corson,South Dakota,
Custer,South Dakota,
Davison,South Dakota,
Day,South Dakota,
Deuel,South Dakota,
Dewey,South Dakota,
Douglas,South Dakota,
Edmunds,South Dakota,
Fall River,South Dakota,
Faulk,South Dakota,
Grant,South Dakota,
Gregory,South Dakota,
Haakon,South Dakota,
Hamlin,South Dakota,
Hand,South Dakota,
Hanson,South Dakota,
Harding,South Dakota,
Hughes,South Dakota,
Hutchinson,South Dakota,
Hyde,South Dakota,
Jackson,South Dakota,
Jerauld,South Dakota,
Jones,South Dakota,
Kingsbury,South Dakota,
Lake,South Dakota,
Lawrence,South Dakota,
Lincoln,South Dakota,
Lyman,South Dakota,
McCook,South Dakota,
McPherson,South Dakota,
Marshall,South Dakota,
Meade,South Dakota,
Mellette,South Dakota,
Miner,South Dakota,
Minnehaha,South Dakota,
Moody,South Dakota,
Oglala Lakota,South Dakota,
Pennington,South Dakota,
Perkins,South Dakota,
Potter,South Dakota,
Roberts,South Dakota,
Sanborn,South Dakota,
Spink,South Dakota,
Stanley,South Dakota,
Sully,South Dakota,
Todd,South Dakota,
Tripp,South Dakota,
Turner,South Dakota,
Union,South Dakota,
Walworth,South Dakota,
Yankton,South Dakota,
Ziebach,South Dakota,
Anderson,Tennessee,
Bedford,Tennessee,
Benton,Tennessee,
Bledsoe,Tennessee,
Blount,Tennessee,
Bradley,Tennessee,
Campbell,Tennessee,
Cannon,Tennessee,
Carroll,Tennessee,
Carter,Tennessee,
Cheatham,Tennessee,
Chester,Tennessee,
Claiborne,Tennessee,
Clay,Tennessee,
Cocke,Tennessee,
Coffee,Tennessee,
Crockett,Tennessee,
Cumberland,Tennessee,
Davidson,Tennessee,
Decatur,Tennessee,
DeKalb,Tennessee,
Dickson,Tennessee,
Dyer,Tennessee,
Fayette,Tennessee,
Fentress,Tennessee,
Franklin,Tennessee,
Gibson,Tennessee,
Giles,Tennessee,
Grainger,Tennessee,
Greene,Tennessee,
Grundy,Tennessee,
Hamblen,Tennessee,
Hamilton,Tennessee,
Hancock,Tennessee,
Hardeman,Tennessee,
Hardin,Tennessee,
Hawkins,Tennessee,
Haywood,Tennessee,
Henderson,Tennessee,
Henry,Tennessee,
Hickman,Tennessee,
Houston,Tennessee,
Humphreys,Tennessee,
Jackson,Tennessee,
Jefferson,Tennessee,
Johnson,Tennessee,
Knox,Tennessee,
Lake,Tennessee,
Lauderdale,Tennessee,
Lawrence,Tennessee,
Lewis,Tennessee,
Lincoln,Tennessee,
Loudon,Tennessee,
McMinn,Tennessee,
McNairy,Tennessee,
Macon,Tennessee,
Madison,Tennessee,
Marion,Tennessee,
Marshall,Tennessee,
Maury,Tennessee,
Meigs,Tennessee,
Monroe,Tennessee,
Montgomery,Tennessee,
Moore,Tennessee,
Morgan,Tennessee,
Obion,Tennessee,
Overton,Tennessee,
Perry,Tennessee,
Pickett,Tennessee,
Polk,Tennessee,
Putnam,Tennessee,
Rhea,Tennessee,
Roane,Tennessee,
Robertson,Tennessee,
Rutherford,Tennessee,
Scott,Tennessee,
Sequatchie,Tennessee,
Sevier,Tennessee,
Shelby,Tennessee,
Smith,Tennessee,
Stewart,Tennessee,
Sullivan,Tennessee,
Sumner,Tennessee,
Tipton,Tennessee,
Trousdale,Tennessee,
Unicoi,Tennessee,
Union,Tennessee,
Van Buren,Tennessee,
Warren,Tennessee,
Washington,Tennessee,
Wayne,Tennessee,
Weakley,Tennessee,
White,Tennessee,
Williamson,Tennessee,
Wilson,Tennessee,
Anderson,Texas,
Andrews,Texas,
Angelina,Texas,
Aransas,Texas,
Archer,Texas,
Armstrong,Texas,
Atascosa,Texas,
Austin,Texas,
Bailey,Texas,
Bandera,Texas,
Bastrop,Texas,
Baylor,Texas,
Bee,Texas,
Bell,Texas,
Bexar,Texas,
Blanco,Texas,
Borden,Texas,
Bosque,Texas,
Bowie,Texas,
Brazoria,Texas,
Brazos,Texas,
Brewster,Texas,
Briscoe,Texas,
Brooks,Texas,
Brown,Texas,
Burleson,Texas,
Burnet,Texas,
Caldwell,Texas,
Calhoun,Texas,
Callahan,Texas,
Cameron,Texas,
Camp,Texas,
Carson,Texas,
Cass,Texas,
Castro,Texas,
Chambers,Texas,
Cherokee,Texas,
Childress,Texas,
Clay,Texas,
Cochran,Texas,
Coke,Texas,
Coleman,Texas,
Collin,Texas,
Collingsworth,Texas,
Colorado,Texas,
Comal,Texas,
Comanche,Texas,
Concho,Texas,
Cooke,Texas,
Coryell,Texas,
Cottle,Texas,
Crane,Texas,
Crockett,Texas,
Crosby,Texas,
Culberson,Texas,
Dallam,Texas,
Dallas,Texas,
Dawson,Texas,
Deaf Smith,Texas,
Delta,Texas,
Denton,Texas,
DeWitt,Texas,
Dickens,Texas,
Dimmit,Texas,
Donley,Texas,
Duval,Texas,
Eastland,Texas,
Ector,Texas,
Edwards,Texas,
Ellis,Texas,
El Paso,Texas,
Erath,Texas,
Falls,Texas,
Fannin,Texas,
Fayette,Texas,
Fisher,Texas,
Floyd,Texas,
Foard,Texas,
Fort Bend,Texas,
Franklin,Texas,
Freestone,Texas,
Frio,Texas,
Gaines,Texas,
Galveston,Texas,
Garza,Texas,
Gillespie,Texas,
Glasscock,Texas,
Goliad,Texas,
Gonzales,Texas,
Gray,Texas,
Grayson,Texas,
Gregg,Texas,
Grimes,Texas,
Guadalupe,Texas,
Hale,Texas,
Hall,Texas,
Hamilton,Texas,
Hansford,Texas,
Hardeman,Texas,
Hardin,Texas,
Harris,Texas,
Harrison,Texas,
Hartley,Texas,
Haskell,Texas,
Hays,Texas,
Hemphill,Texas,
Henderson,Texas,
Hidalgo,Texas,
Hill,Texas,
Hockley,Texas,
Hood,Texas,
Hopkins,Texas,
Houston,Texas,
Howard,Texas,
Hudspeth,Texas,
Hunt,Texas,
Hutchinson,Texas,
Irion,Texas,
Jack,Texas,
Jackson,Texas,
Jasper,Texas,
Jeff Davis,Texas,
Jefferson,Texas,
Jim Hogg,Texas,
Jim Wells,Texas,
Johnson,Texas,
Jones,Texas,
Karnes,Texas,
Kaufman,Texas,
Kendall,Texas,
Kenedy,Texas,
Kent,Texas,
Kerr,Texas,
Kimble,Texas,
King,Texas,
Kinney,Texas,
Kleberg,Texas,
Knox,Texas,
Lamar,Texas,
Lamb,Texas,
Lampasas,Texas,
La Salle,Texas,
Lavaca,Texas,
Lee,Texas,
Leon,Texas,
Liberty,Texas,
Limestone,Texas,
Lipscomb,Texas,
Live Oak,Texas,
Llano,Texas,
Loving,Texas,
Lubbock,Texas,
Lynn,Texas,
McCulloch,Texas,
McLennan,Texas,
McMullen,Texas,
Madison,Texas,
Marion,Texas,
Martin,Texas,
Mason,Texas,
Matagorda,Texas,
Maverick,Texas,
Medina,Texas,
Menard,Texas,
Midland,Texas,
Milam,Texas,
Mills,Texas,
Mitchell,Texas,
Montague,Texas,
Montgomery,Texas,
Moore,Texas,
Morris,Texas,
Motley,Texas,
Nacogdoches,Texas,
Navarro,Texas,
Newton,Texas,
Nolan,Texas,
Nueces,Texas,
Ochiltree,Texas,
Oldham,Texas,
Orange,Texas,
Palo Pinto,Texas,
Panola,Texas,
Parker,Texas,
Parmer,Texas,
Pecos,Texas,
Polk,Texas,
Potter,Texas,
Presidio,Texas,
Rains,Texas,
Randall,Texas,
Reagan,Texas,
Real,Texas,
Red River,Texas,
Reeves,Texas,
Refugio,Texas,
Roberts,Texas,
Robertson,Texas,
Rockwall,Texas,
Runnels,Texas,
Rusk,Texas,
Sabine,Texas,
San Augustine,Texas,
San Jacinto,Texas,
San Patricio,Texas,
San Saba,Texas,
Schleicher,Texas,
Scurry,Texas,
Shackelford,Texas,
Shelby,Texas,
Sherman,Texas,
Smith,Texas,
Somervell,Texas,
Starr,Texas,
Stephens,Texas,
Sterling,Texas,
Stonewall,Texas,
Sutton,Texas,
Swisher,Texas,
Tarrant,Texas,
Taylor,Texas,
Terrell,Texas,
Terry,Texas,
Throckmorton,Texas,
Titus,Texas,
Tom Green,Texas,
Travis,Texas,
Trinity,Texas,
Tyler,Texas,
Upshur,Texas,
Upton,Texas,
Uvalde,Texas,
Val Verde,Texas,
Van Zandt,Texas,
Victoria,Texas,
Walker,Texas,
Waller,Texas,
Ward,Texas,
Washington,Texas,
Webb,Texas,
Wharton,Texas,
Wheeler,Texas,
Wichita,Texas,
Wilbarger,Texas,
Willacy,Texas,
Williamson,Texas,
Wilson,Texas,
Winkler,Texas,
Wise,Texas,
Wood,Texas,
Yoakum,Texas,
Young,Texas,
Zapata,Texas,
Zavala,Texas,
Beaver,Utah,
Box Elder,Utah,
Cache,Utah,
Carbon,Utah,
Daggett,Utah,
Davis,Utah,
Duchesne,Utah,
Emery,Utah,
Garfield,Utah,
Grand,Utah,
Iron,Utah,
Juab,Utah,
Kane,Utah,
Millard,Utah,
Morgan,Utah,
Piute,Utah,
Rich,Utah,
Salt Lake,Utah,
San Juan,Utah,
Sanpete,Utah,
Sevier,Utah,
Summit,Utah,
Tooele,Utah,
Uintah,Utah,
Utah,Utah,
Wasatch,Utah,
Washington,Utah,
Wayne,Utah,
Weber,Utah,
Addison,Vermont,
Bennington,Vermont,
Caledonia,Vermont,
Chittenden,Vermont,
Essex,Vermont,
Franklin,Vermont,
Grand Isle,Vermont,
Lamoille,Vermont,
Orange,Vermont,
Orleans,Vermont,
Rutland,Vermont,
Washington,Vermont,
Windham,Vermont,
Windsor,Vermont,
Accomack,Virginia,
Albemarle,Virginia,
Alexandria,Virginia,
Alleghany,Virginia,
Amelia,Virginia,
Amherst,Virginia,
Appomattox,Virginia,
Arlington,Virginia,
Augusta,Virginia,
Bath,Virginia,
Bedford,Virginia,
Bland,Virginia,
Botetourt,Virginia,
Bristol,Virginia,
Brunswick,Virginia,
Buchanan,Virginia,
Buckingham,Virginia,
Buena Vista,Virginia,
Campbell,Virginia,
Caroline,Virginia,
Carroll,Virginia,
Charles City,Virginia,
Charlotte,Virginia,
Charlottesville,Virginia,
Chesapeake,Virginia,
Chesterfield,Virginia,
Clarke,Virginia,
Colonial Heights,Virginia,
Covington,Virginia,
Craig,Virginia,
Culpeper,Virginia,
Cumberland,Virginia,
Danville,Virginia,
Dickenson,Virginia,
Dinwiddie,Virginia,
Emporia,Virginia,
Essex,Virginia,
Fairfax City,Virginia,
Fairfax,Virginia,
Falls Church,Virginia,
Fauquier,Virginia,
Floyd,Virginia,
Fluvanna,Virginia,
Franklin City,Virginia,
Franklin,Virginia,
Frederick,Virginia,
Fredericksburg,Virginia,
Galax,Virginia,
Giles,Virginia,
Gloucester,Virginia,
Goochland,Virginia,
Grayson,Virginia,
Greene,Virginia,
Greensville,Virginia,
Halifax,Virginia,
Hampton,Virginia,
Hanover,Virginia,
Harrisonburg,Virginia,
Henrico,Virginia,
Henry,Virginia,
Highland,Virginia,
Hopewell,Virginia,
Isle of Wight,Virginia,
James City,Virginia,
King and Queen,Virginia,
King George,Virginia,
King William,Virginia,
Lancaster,Virginia,
Lee,Virginia,
Lexington,Virginia,
Loudoun,Virginia,
Louisa,Virginia,
Lunenburg,Virginia,
Lynchburg,Virginia,
Madison,Virginia,
Manassas,Virginia,
Manassas Park,Virginia,
Martinsville,Virginia,
Mathews,Virginia,
Mecklenburg,Virginia,
Middlesex,Virginia,
Montgomery,Virginia,
Nelson,Virginia,
New Kent,Virginia,
Newport News,Virginia,
Norfolk,Virginia,
Northampton,Virginia,
Northumberland,Virginia,
Norton,Virginia,
Nottoway,Virginia,
Orange,Virginia,
Page,Virginia,
Patrick,Virginia,
Petersburg,Virginia,
Pittsylvania,Virginia,
Poquoson,Virginia,
Portsmouth,Virginia,
Powhatan,Virginia,
Prince Edward,Virginia,
Prince George,Virginia,
Prince William,Virginia,
Pulaski,Virginia,
Radford,Virginia,
Rappahannock,Virginia,
Richmond City,Virginia,
Richmond,Virginia,
Roanoke City,Virginia,
Roanoke,Virginia,
Rockbridge,Virginia,
Rockingham,Virginia,
Russell,Virginia,
Salem,Virginia,
Scott,Virginia,
Shenandoah,Virginia,
Smyth,Virginia,
Southampton,Virginia,
Spotsylvania,Virginia,
Stafford,Virginia,
Staunton,Virginia,
Suffolk,Virginia,
Surry,Virginia,
Sussex,Virginia,
Tazewell,Virginia,
Virginia Beach,Virginia,
Warren,Virginia,
Washington,Virginia,
Waynesboro,Virginia,
Westmoreland,Virginia,
Williamsburg,Virginia,
Winchester,Virginia,
Wise,Virginia,
Wythe,Virginia,
York,Virginia,
Adams,Washington,
Asotin,Washington,
Benton,Washington,
Chelan,Washington,
Clallam,Washington,
Clark,Washington,
Columbia,Washington,
Cowlitz,Washington,
Douglas,Washington,
Ferry,Washington,
Franklin,Washington,
Garfield,Washington,
Grant,Washington,
Grays Harbor,Washington,
Island,Washington,
Jefferson,Washington,
King,Washington,
Kitsap,Washington,
Kittitas,Washington,
Klickitat,Washington,
Lewis,Washington,
Lincoln,Washington,
Mason,Washington,
Okanogan,Washington,
Pacific,Washington,
Pend Oreille,Washington,
Pierce,Washington,
San Juan,Washington,
Skagit,Washington,
Skamania,Washington,
Snohomish,Washington,
Spokane,Washington,
Stevens,Washington,
Thurston,Washington,
Wahkiakum,Washington,
Walla Walla,Washington,
Whatcom,Washington,
Whitman,Washington,
Yakima,Washington,
Barbour,West Virginia,
Berkeley,West Virginia,
Boone,West Virginia,
Braxton,West Virginia,
Brooke,West Virginia,
Cabell,West Virginia,
Calhoun,West Virginia,
Clay,West Virginia,
Doddridge,West Virginia,
Fayette,West Virginia,
Gilmer,West Virginia,
Grant,West Virginia,
Greenbrier,West Virginia,
Hampshire,West Virginia,
Hancock,West Virginia,
Hardy,West Virginia,
Harrison,West Virginia,
Jackson,West Virginia,
Jefferson,West Virginia,
Kanawha,West Virginia,
Lewis,West Virginia,
Lincoln,West Virginia,
Logan,West Virginia,
McDowell,West Virginia,
Marion,West Virginia,
Marshall,West Virginia,
Mason,West Virginia,
Mercer,West Virginia,
Mineral,West Virginia,
Mingo,West Virginia,
Monongalia,West Virginia,
Monroe,West Virginia,
Morgan,West Virginia,
Nicholas,West Virginia,
Ohio,West Virginia,
Pendleton,West Virginia,
Pleasants,West Virginia,
Pocahontas,West Virginia,
Preston,West Virginia,
Putnam,West Virginia,
Raleigh,West Virginia,
Randolph,West Virginia,
Ritchie,West Virginia,
Roane,West Virginia,
Summers,West Virginia,
Taylor,West Virginia,
Tucker,West Virginia,
Tyler,West Virginia,
Upshur,West Virginia,
Wayne,West Virginia,
Webster,West Virginia,
Wetzel,West Virginia,
Wirt,West Virginia,
Wood,West Virginia,
Wyoming,West Virginia,
Adams,Wisconsin,
Ashland,Wisconsin,
Barron,Wisconsin,
Bayfield,Wisconsin,
Brown,Wisconsin,
Buffalo,Wisconsin,
Burnett,Wisconsin,
Calumet,Wisconsin,
Chippewa,Wisconsin,
Clark,Wisconsin,
Columbia,Wisconsin,
Crawford,Wisconsin,
Dane,Wisconsin,
Dodge,Wisconsin,
Door,Wisconsin,
Douglas,Wisconsin,
Dunn,Wisconsin,
Eau Claire,Wisconsin,
Florence,Wisconsin,
Fond du Lac,Wisconsin,
Forest,Wisconsin,
Grant,Wisconsin,
Green,Wisconsin,
Green Lake,Wisconsin,
Iowa,Wisconsin,
Iron,Wisconsin,
Jackson,Wisconsin,
Jefferson,Wisconsin,
Juneau,Wisconsin,
Kenosha,Wisconsin,
Kewaunee,Wisconsin,
La Crosse,Wisconsin,
Lafayette,Wisconsin,
Langlade,Wisconsin,
Lincoln,Wisconsin,
Manitowoc,Wisconsin,
Marathon,Wisconsin,
Marinette,Wisconsin,
Marquette,Wisconsin,
Menominee,Wisconsin,
Milwaukee,Wisconsin,
Monroe,Wisconsin,
Oconto,Wisconsin,
Oneida,Wisconsin,
Outagamie,Wisconsin,
Ozaukee,Wisconsin,
Pepin,Wisconsin,
Pierce,Wisconsin,
Polk,Wisconsin,
Portage,Wisconsin,
Price,Wisconsin,
Racine,Wisconsin,
Richland,Wisconsin,
Rock,Wisconsin,
Rusk,Wisconsin,
St. Croix,Wisconsin,
Sauk,Wisconsin,
Sawyer,Wisconsin,
Shawano,Wisconsin,
Sheboygan,Wisconsin,
Taylor,Wisconsin,
Trempealeau,Wisconsin,
Vernon,Wisconsin,
Vilas,Wisconsin,
Walworth,Wisconsin,
Washburn,Wisconsin,
Washington,Wisconsin,
Waukesha,Wisconsin,
Waupaca,Wisconsin,
Waushara,Wisconsin,
Winnebago,Wisconsin,
Wood,Wisconsin,
Albany,Wyoming,
Big Horn,Wyoming,
Campbell,Wyoming,
Carbon,Wyoming,
Converse,Wyoming,
Crook,Wyoming,
Fremont,Wyoming,
Goshen,Wyoming,
Hot Springs,Wyoming,
Johnson,Wyoming,
Laramie,Wyoming,
Lincoln,Wyoming,
Natrona,Wyoming,
Niobrara,Wyoming,
Park,Wyoming,
Platte,Wyoming,
Sheridan,Wyoming,
Sublette,Wyoming,
Sweetwater,Wyoming,
Teton,Wyoming,
Uinta,Wyoming,
Washakie,Wyoming,
Weston,Wyoming,
,Guam,
,Virgin Islands,
,Northern Mariana Islands,